<?xml version="1.0" encoding="UTF-8"?>
<project-private xmlns="http://www.netbeans.org/ns/project-private/1">
    <editor-bookmarks xmlns="http://www.netbeans.org/ns/editor-bookmarks/2" lastBookmarkId="0"/>
    <open-files xmlns="http://www.netbeans.org/ns/projectui-open-files/2">
        <group>
            <file>file:/C:/Users/davic/OneDrive/Documentos/NetBeansProjects/SimuladorCafeteria/src/app/main.java</file>
            <file>file:/C:/Users/davic/OneDrive/Documentos/NetBeansProjects/SimuladorCafeteria/src/patterns/Notificador.java</file>
            <file>file:/C:/Users/davic/OneDrive/Documentos/NetBeansProjects/SimuladorCafeteria/src/model/Cafe.java</file>
            <file>file:/C:/Users/davic/OneDrive/Documentos/NetBeansProjects/SimuladorCafeteria/src/model/Cliente.java</file>
            <file>file:/C:/Users/davic/OneDrive/Documentos/NetBeansProjects/SimuladorCafeteria/src/model/Pedido.java</file>
            <file>file:/C:/Users/davic/OneDrive/Documentos/NetBeansProjects/SimuladorCafeteria/src/patterns/Observer.java</file>
            <file>file:/C:/Users/davic/OneDrive/Documentos/NetBeansProjects/SimuladorCafeteria/src/patterns/ClienteObservador.java</file>
            <file>file:/C:/Users/davic/OneDrive/Documentos/NetBeansProjects/SimuladorCafeteria/src/patterns/AdaptadorPedidoExterno.java</file>
            <file>file:/C:/Users/davic/OneDrive/Documentos/NetBeansProjects/SimuladorCafeteria/src/patterns/PedidoExterno.java</file>
            <file>file:/C:/Users/davic/OneDrive/Documentos/NetBeansProjects/SimuladorCafeteria/src/patterns/Cafeteria.java</file>
            <file>file:/C:/Users/davic/OneDrive/Documentos/NetBeansProjects/SimuladorCafeteria/src/model/Latte.java</file>
        </group>
    </open-files>
</project-private>
